004f1473544fa9c77b3adcb5b9479b27b9de580e68273a1e67fd46f3fca9ee8d.doc,no
006681a6673494123b9ab4efa6cef460a0fe00e106634947ee085ef5c782dcaf.doc,no
00dd0ce1898f9065fb95a077ef12278df724702dff28ae0942b187a95a09ded7.doc,no
01ee9b81227738d35e86a5b040cba4a3f392314ac47dfd985a50da9fe1a98bec.doc,no
02a46ee0626541c13196b802336785156a7c051cb962a2d2886c990ed1eb529a.xls,no
02ff8b3a07f2981ae8ac07ebde61d3b4a196ce7e524bae65e4cea92b2a964bf3.doc,no
03a6842e349abee3ff7a1519765ff4e9008a92219d3b67c0f4211b349b982530.xls,no
04455b18ce095f4be2d803e13888b69eb28c67d3aa868b423c59c7e415f5a6a8.doc,no
04552fe3a83c88ee280ab5784d6eb8d2607d6b3c107202a0dd65a82ea18b53b9.doc,no
047850651d7ffcb6b2377a6ae68441ecbc266e94fbd9d2e05de0d0601dde029a.xls,no
04ad180a0c03ae78139497a32b9f24c01c2205ebf16da522612557d8220e6611.xls,no
05880a612e1bce3ffa28cf4d69805678b22ecae83ac6a1b32503b2d5bff4b986.doc,no
05f8b1d0a8702e5f1e5d35a2a157a6391b01c4d02e9f061fa89c54391b8f6f1d.xls,no
066ddad9531343f44878d5c07edadb322f1555b76d818852036035ba3ff65225.doc,no
06b735a519cbb12ca90a0704fb4c2f3101fb1a27e733ca90e83c4893d22a3805.xls,no
088ae293274a384ad666aa96016255bb8fa8bd7d8f144bac15819f14600d0b64.doc,no
0be21c8a710a21dea7a364881d46915b34e62a0e9eed799f7a0ea12d37860e87.xls,no
0ca65bd50406c6da1530f4af73f0c5689a9d31321b8379feac93194aa296523a.xls,no
0d28ccbc9a05c581f8942c8ac2bdd208e11c267baa9f00bcf5b965345a1f469b.xls,no
0d780a84557a5ce1db06836980ae13ec6888a23d3b45233f1b694d8654244af3.doc,no
0d9711ca59f0ad0e426c763052aa424d2e0f910c17e37b2a790daa5a29a32bdb.xls,no
0e0cd3f13a725caa3f1ed57856564e4263f0afd6a74821c00b260c30f7a147f4.doc,no
0f8243c59abd220328a59cdad2dcf5c0d7f6c878d1f9efc4742c1d7b1a3e6002.xls,no
105466552802947dbd04191313a0d2d960d766b16e4518c0c7d6f4cc951a9974.doc,no
11e34dec69ea5c3ebc2455111183884b9378c51e33bca5381aae4e32d9d59cc0.xls,no
124b1b44e4025706e2bbd66f3b093e49189d7b2ad83bebe67968e0f9e4341e64.xls,no
14716fb9fc2ce598d9576b880fc9a1182fb278ed4dab4e9d32ffcb111103e1f6.doc,no
14c960454304056d2721bcc3fc9eab4440ca32086966cc9bc4613965075770be.doc,no
15a6ed590edee7f2b330e4eb36e68d9ec3238c458325fa49eb56650b98293958.doc,no
1637dcf5b411e6d30ca35cdbb1507fcfee9d79eac94037d37a4919015e3b7fba.xls,no
185914b3ef94b1e8dd31c07f2e4a5261cd803518e07463a17f47026247bea125.doc,no
18e70d73a64408accb06ac27b5f9ef8ed885160273e274399dcb7237b8cc5f7b.doc,no
196823eee0e0d421514dc615dd8976ad8a1630d4efd9ff55a994efa611d0537b.doc,no
1991e9d48adcf42364e9e1dbc42df39bb4e2b2424249781db8d9e8234f0e2763.xls,no
1a53a2011aa4fa66bd472155a05c2425f3f9f0e0ab5a7b17ac45c3bac230705d.doc,no
1a9d0fa33a53f069070217f147677537d43e3346cc036aff1f1ea073a2e6e0bb.doc,no
1b9f9fc229f9f40cdcd11fcae7fb499813d7634b208172d5a9133589e3c0117d.doc,no
1d990e53f6de326981fbc4aeaae885174fa8198809809ac733497b07486b8ddb.doc,no
1daa4d066e1ef394fcbb7a27d72d47d53e6da7d0a6885f35195947944230dc3e.doc,no
1e86b0243c2718a2d083452bbd2025a073961037306715ae78df721e1205c4be.doc,no
1f23c0ca7a8e63e019258282adc0e6bc62d9cae66472950feee0cf6d745cc9c5.xls,no
1f867e9aa6ef1ed85912dd01fcdcd009e00f82ec0a98f96859cecf79c0ff909c.xls,no
1f97d32674964528db46021a0466138dd01458bfa79f7450e2b222ae1de8ac1f.doc,no
2037cee2f518428e731b29dfdace5ac17ea5d417026d832fdc9f1aa61f9cb802.xls,no
20d14abe7ebc07b29608c2ad5c60f304b29e38ad779be7c6a95f82830df190c4.doc,no
20d664822820d148cfffa65e4f22a0572a5d347bfdda5c2fc850181296f08c34.doc,no
20f4a96db4022110a23bf4792282dded4f720c084afbc2a5f24ec687522f6e37.doc,no
213e95eebdf0f2811ec6a87ad7ba9cc6786f59eaaa9ad8229c611c0e6bf91eba.doc,no
2212a839506464e40ba349a6dea80bbe0984bcac202b842f71553d85fb08e656.xls,no
223e97364f206078217220be05f579d0cbd9d68167403b86ee7ca17b8a6b372b.doc,no
